service,price,description
Website Development,25000,Responsive business website
UI/UX Design,12000,Web or mobile interface design
AI Chatbot,18000,AI-powered customer support chatbot
Mobile App Development,35000,Cross-platform mobile application
API Integration,8000,Third-party API integration
SEO Optimization,7000,Basic technical and on-page SEO
Cloud Deployment,6000,Application deployment and configuration
Database Setup,9000,Database schema and integration
Maintenance Support,5000,Monthly maintenance and support
